Filename,Label,predictions,probabilities
./images/bkl/image9881.JPG,bkl,bkl,0.9828
./images/df/image8105.JPG,df,bkl,0.6294
./images/nv/image4273.JPG,nv,bkl,0.7906
./images/df/image7809.JPG,df,bkl,0.5424
./images/nv/image8910.JPG,nv,bkl,0.9564
./images/bkl/image141.JPG,bkl,bkl,0.7619
./images/nv/image8588.JPG,nv,bkl,0.8979
./images/nv/image6514.JPG,nv,bkl,0.5479
./images/df/image7004.JPG,df,bkl,0.674
./images/bcc/image9061.JPG,bcc,bkl,0.7295
./images/nv/image3056.JPG,nv,bkl,0.9961
./images/bkl/image4803.JPG,bkl,bkl,0.6087
./images/bkl/image8458.JPG,bkl,bkl,0.7526
./images/bkl/image9086.JPG,bkl,bkl,0.9259
./images/mel/image5653.JPG,mel,bkl,0.5011
./images/df/image9117.JPG,df,bkl,0.8176
./images/bkl/image5003.JPG,bkl,bkl,0.805
./images/mel/image8994.JPG,mel,,
./images/nv/image9122.JPG,nv,,
./images/mel/image8733.JPG,mel,,
./images/nv/image8595.JPG,nv,nv,1
./images/nv/image8882.JPG,nv,nv,1
./images/nv/image4204.JPG,nv,nv,1
./images/nv/image208.JPG,nv,nv,1
./images/nv/image5052.JPG,nv,nv,0.9999
./images/nv/image3750.JPG,nv,nv,1
./images/nv/image3473.JPG,nv,nv,1
./images/nv/image8040.JPG,nv,nv,1
./images/nv/image6340.JPG,nv,nv,1
./images/nv/image7168.JPG,nv,nv,0.9985
./images/nv/image7566.JPG,nv,nv,1
./images/nv/image8657.JPG,nv,nv,0.9997
./images/nv/image5260.JPG,nv,nv,1
./images/bkl/image9427.JPG,bkl,nv,1
./images/nv/image6322.JPG,nv,nv,1
./images/bkl/image7328.JPG,bkl,nv,1
./images/nv/image8334.JPG,nv,nv,1
./images/nv/image1577.JPG,nv,nv,1
./images/nv/image2595.JPG,nv,nv,1
./images/nv/image2445.JPG,nv,nv,1
./images/nv/image5655.JPG,nv,nv,1
./images/nv/image846.JPG,nv,nv,1
./images/nv/image8284.JPG,nv,nv,1
./images/nv/image1734.JPG,nv,nv,1
./images/mel/image7927.JPG,mel,nv,1
./images/nv/image5022.JPG,nv,nv,1
./images/nv/image4558.JPG,nv,nv,1
./images/nv/image7324.JPG,nv,nv,1
./images/nv/image4165.JPG,nv,nv,1
./images/nv/image387.JPG,nv,nv,1
./images/nv/image2069.JPG,nv,nv,0.9896
./images/nv/image433.JPG,nv,nv,1
./images/nv/image7055.JPG,nv,nv,1
./images/nv/image6658.JPG,nv,nv,1
./images/bkl/image033.JPG,bkl,nv,0.9993
./images/nv/image1909.JPG,nv,nv,1
./images/nv/image5017.JPG,nv,nv,1
./images/nv/image710.JPG,nv,nv,1
./images/bkl/image1441.JPG,bkl,nv,0.9996
./images/nv/image6547.JPG,nv,nv,0.9997
./images/nv/image8752.JPG,nv,nv,1
./images/nv/image7449.JPG,nv,nv,1
./images/nv/image9136.JPG,nv,nv,1
./images/nv/image5419.JPG,nv,nv,1
./images/nv/image8998.JPG,nv,nv,0.9998
./images/nv/image215.JPG,nv,nv,1
./images/mel/image2572.JPG,mel,nv,1
./images/mel/image8763.JPG,mel,nv,0.9982
./images/mel/image9005.JPG,mel,nv,1
./images/bcc/image4510.JPG,bcc,nv,0.9994
./images/nv/image701.JPG,nv,nv,1
./images/nv/image6351.JPG,nv,nv,1
./images/nv/image4891.JPG,nv,nv,1
./images/akiec/image7201.JPG,akiec,nv,0.9978
./images/nv/image1329.JPG,nv,nv,1
./images/nv/image9565.JPG,nv,nv,1
./images/nv/image088.JPG,nv,nv,1
./images/nv/image7527.JPG,nv,nv,1
./images/nv/image7054.JPG,nv,nv,1
./images/nv/image8848.JPG,nv,nv,1
./images/bkl/image8360.JPG,bkl,nv,0.998
./images/nv/image1274.JPG,nv,nv,1
./images/nv/image6779.JPG,nv,nv,1
./images/nv/image4536.JPG,nv,nv,1
./images/nv/image8886.JPG,nv,nv,1
./images/nv/image9409.JPG,nv,nv,1
./images/nv/image2272.JPG,nv,nv,0.9957
./images/nv/image4479.JPG,nv,nv,1
./images/nv/image8017.JPG,nv,nv,1
./images/nv/image4201.JPG,nv,nv,1
./images/nv/image5456.JPG,nv,nv,1
./images/nv/image6377.JPG,nv,nv,1
./images/bkl/image2285.JPG,bkl,nv,1
./images/bkl/image6820.JPG,bkl,nv,1
./images/bcc/image7338.JPG,bcc,nv,0.9998
./images/nv/image686.JPG,nv,nv,1
./images/nv/image3716.JPG,nv,nv,1
./images/nv/image884.JPG,nv,nv,1
./images/akiec/image2676.JPG,akiec,nv,1
./images/nv/image5714.JPG,nv,nv,1
./images/nv/image2428.JPG,nv,nv,1
./images/nv/image5722.JPG,nv,nv,1
./images/bkl/image3795.JPG,bkl,nv,0.9395
./images/nv/image5989.JPG,nv,nv,1
./images/bcc/image3671.JPG,bcc,nv,1
./images/bkl/image9456.JPG,bkl,nv,0.7506
./images/nv/image6254.JPG,nv,nv,1
./images/bkl/image2913.JPG,bkl,nv,1
./images/nv/image4182.JPG,nv,nv,1
./images/bkl/image4031.JPG,bkl,nv,1
./images/mel/image9111.JPG,mel,nv,1
./images/nv/image8533.JPG,nv,nv,1
./images/nv/image3733.JPG,nv,nv,1
./images/nv/image2772.JPG,nv,nv,1
./images/nv/image8118.JPG,nv,nv,0.9998
./images/bcc/image3439.JPG,bcc,nv,1
./images/mel/image8911.JPG,mel,nv,1
./images/mel/image6077.JPG,mel,nv,1
./images/nv/image4172.JPG,nv,nv,1
./images/bkl/image456.JPG,bkl,nv,0.5199
./images/nv/image932.JPG,nv,nv,1
./images/nv/image044.JPG,nv,nv,0.9912
./images/nv/image4948.JPG,nv,nv,1
./images/nv/image7861.JPG,nv,nv,1
./images/nv/image2348.JPG,nv,nv,1
./images/akiec/image7894.JPG,akiec,nv,1
./images/mel/image9358.JPG,mel,nv,1
./images/nv/image2123.JPG,nv,nv,1
./images/nv/image787.JPG,nv,nv,1
./images/nv/image874.JPG,nv,nv,1
./images/nv/image380.JPG,nv,nv,1
./images/nv/image699.JPG,nv,nv,1
./images/bkl/image9185.JPG,bkl,nv,1
./images/nv/image8141.JPG,nv,nv,1
./images/akiec/image8044.JPG,akiec,nv,1
./images/nv/image4085.JPG,nv,nv,1
./images/nv/image7036.JPG,nv,nv,1
./images/nv/image8205.JPG,nv,nv,1
./images/nv/image1150.JPG,nv,nv,1
./images/df/image9370.JPG,df,nv,0.9999
./images/nv/image5585.JPG,nv,nv,1
./images/nv/image4462.JPG,nv,nv,1
./images/bcc/image106.JPG,bcc,nv,0.9995
./images/akiec/image1844.JPG,akiec,nv,1
./images/nv/image093.JPG,nv,nv,1
./images/nv/image5949.JPG,nv,nv,1
./images/nv/image1335.JPG,nv,nv,1
./images/nv/image1132.JPG,nv,nv,1
./images/nv/image3289.JPG,nv,nv,1
./images/nv/image5528.JPG,nv,nv,0.9977
./images/nv/image2616.JPG,nv,nv,1
./images/nv/image3096.JPG,nv,nv,1
./images/bkl/image1025.JPG,bkl,nv,1
./images/nv/image3643.JPG,nv,nv,1
./images/nv/image6657.JPG,nv,nv,1
./images/nv/image5947.JPG,nv,nv,1
./images/nv/image5909.JPG,nv,nv,1
./images/nv/image7896.JPG,nv,nv,1
./images/nv/image5409.JPG,nv,nv,1
./images/bcc/image8900.JPG,bcc,nv,1
./images/nv/image1442.JPG,nv,nv,1
./images/nv/image587.JPG,nv,nv,1
./images/nv/image1260.JPG,nv,nv,1
./images/mel/image4137.JPG,mel,nv,1
./images/nv/image2442.JPG,nv,nv,1
./images/nv/image408.JPG,nv,nv,1
./images/nv/image417.JPG,nv,nv,1
./images/akiec/image5828.JPG,akiec,nv,0.9996
./images/nv/image6121.JPG,nv,nv,1
./images/mel/image6646.JPG,mel,nv,0.9999
./images/bcc/image9814.JPG,bcc,nv,1
./images/nv/image5418.JPG,nv,nv,1
./images/bkl/image7746.JPG,bkl,nv,0.9998
./images/mel/image7790.JPG,mel,nv,1
./images/nv/image4714.JPG,nv,nv,1
./images/nv/image1188.JPG,nv,nv,1
./images/nv/image7383.JPG,nv,nv,1
./images/nv/image4926.JPG,nv,nv,1
./images/mel/image2820.JPG,mel,nv,1
./images/bkl/image3895.JPG,bkl,nv,1
./images/bkl/image9355.JPG,bkl,nv,1
./images/akiec/image3885.JPG,akiec,nv,1
./images/nv/image6608.JPG,nv,nv,1
./images/nv/image9065.JPG,nv,nv,1
./images/nv/image1433.JPG,nv,nv,1
./images/nv/image6587.JPG,nv,nv,1
./images/nv/image1728.JPG,nv,nv,1
./images/nv/image2818.JPG,nv,nv,1
./images/bkl/image2139.JPG,bkl,nv,0.9895
./images/nv/image9889.JPG,nv,nv,0.9998
./images/mel/image8633.JPG,mel,nv,1
./images/nv/image897.JPG,nv,nv,1
./images/bkl/image572.JPG,bkl,nv,0.9997
./images/nv/image1220.JPG,nv,nv,0.9996
./images/bcc/image2134.JPG,bcc,nv,0.9962
./images/nv/image3575.JPG,nv,nv,1
./images/nv/image5324.JPG,nv,nv,1
./images/nv/image1151.JPG,nv,nv,1
./images/nv/image8148.JPG,nv,nv,1
./images/nv/image2680.JPG,nv,nv,1
./images/nv/image8282.JPG,nv,nv,0.9995
./images/nv/image568.JPG,nv,nv,1
./images/nv/image4197.JPG,nv,nv,1
./images/nv/image7419.JPG,nv,nv,1
./images/nv/image9242.JPG,nv,nv,0.9864
./images/nv/image5060.JPG,nv,nv,1
./images/mel/image963.JPG,mel,nv,1
./images/vasc/image5765.JPG,vasc,nv,0.9992
./images/nv/image3444.JPG,nv,nv,1
./images/nv/image9050.JPG,nv,nv,1
./images/nv/image9279.JPG,nv,nv,0.9551
./images/mel/image9063.JPG,mel,nv,0.9998
./images/mel/image2899.JPG,mel,nv,1
./images/nv/image6963.JPG,nv,nv,0.9683
./images/bkl/image7701.JPG,bkl,nv,1
./images/bcc/image4278.JPG,bcc,nv,1
./images/nv/image6349.JPG,nv,nv,0.7504
./images/bkl/image5921.JPG,bkl,nv,1
./images/nv/image3294.JPG,nv,nv,1
./images/mel/image9840.JPG,mel,nv,1
./images/nv/image7958.JPG,nv,nv,1
./images/bkl/image5283.JPG,bkl,nv,0.9855
./images/nv/image1591.JPG,nv,nv,1
./images/mel/image2948.JPG,mel,nv,1
./images/akiec/image5195.JPG,akiec,nv,0.9982
./images/nv/image225.JPG,nv,nv,1
./images/nv/image7751.JPG,nv,nv,1
./images/bcc/image1078.JPG,bcc,nv,1
./images/nv/image3355.JPG,nv,nv,1
./images/bkl/image1546.JPG,bkl,nv,0.9186
./images/nv/image5676.JPG,nv,nv,1
./images/nv/image5463.JPG,nv,nv,1
./images/bkl/image3611.JPG,bkl,nv,1
./images/bkl/image2653.JPG,bkl,nv,1
./images/mel/image8305.JPG,mel,nv,0.9812
./images/nv/image233.JPG,nv,nv,1
./images/nv/image7307.JPG,nv,nv,1
./images/vasc/image1301.JPG,vasc,nv,1
./images/mel/image1058.JPG,mel,nv,0.9999
./images/nv/image5623.JPG,nv,nv,1
./images/nv/image8991.JPG,nv,nv,1
./images/mel/image8379.JPG,mel,nv,1
./images/nv/image3332.JPG,nv,nv,1
./images/nv/image6172.JPG,nv,nv,1
./images/bkl/image9991.JPG,bkl,nv,1
./images/bkl/image1802.JPG,bkl,nv,1
./images/nv/image1748.JPG,nv,nv,1
./images/nv/image6570.JPG,nv,nv,1
./images/nv/image2710.JPG,nv,nv,1
./images/nv/image2833.JPG,nv,nv,0.9999
./images/bkl/image7854.JPG,bkl,nv,1
./images/nv/image1374.JPG,nv,nv,1
./images/nv/image4141.JPG,nv,nv,1
./images/nv/image1692.JPG,nv,nv,1
./images/mel/image2469.JPG,mel,nv,1
./images/bkl/image5465.JPG,bkl,nv,1
./images/bkl/image8894.JPG,bkl,nv,0.7119
./images/nv/image6438.JPG,nv,nv,1
./images/vasc/image9664.JPG,vasc,nv,1
./images/bkl/image3146.JPG,bkl,nv,0.999
./images/bkl/image7144.JPG,bkl,nv,1
./images/bkl/image1679.JPG,bkl,nv,0.8153
./images/nv/image9848.JPG,nv,nv,0.9493
./images/nv/image4227.JPG,nv,nv,1
./images/nv/image9610.JPG,nv,nv,0.9859
./images/nv/image256.JPG,nv,nv,1
./images/akiec/image7868.JPG,akiec,nv,1
./images/nv/image4500.JPG,nv,nv,1
./images/nv/image3829.JPG,nv,nv,1
./images/bkl/image8890.JPG,bkl,nv,1
./images/nv/image8037.JPG,nv,nv,0.9846
./images/nv/image2847.JPG,nv,nv,1
./images/nv/image3411.JPG,nv,nv,1
./images/nv/image6188.JPG,nv,nv,1
./images/nv/image7173.JPG,nv,nv,1
./images/bkl/image2701.JPG,bkl,nv,1
./images/bkl/image8389.JPG,bkl,nv,0.9679
./images/nv/image9434.JPG,nv,nv,0.9843
./images/nv/image9432.JPG,nv,nv,1
./images/nv/image1148.JPG,nv,nv,0.999
./images/bkl/image4571.JPG,bkl,nv,0.9992
./images/nv/image471.JPG,nv,nv,1
./images/mel/image9906.JPG,mel,nv,1
./images/vasc/image7645.JPG,vasc,nv,1
./images/nv/image5232.JPG,nv,nv,0.9997
./images/nv/image2765.JPG,nv,nv,1
./images/nv/image7271.JPG,nv,nv,1
./images/nv/image3338.JPG,nv,nv,1
./images/df/image7833.JPG,df,nv,1
./images/mel/image9675.JPG,mel,nv,1
./images/nv/image4640.JPG,nv,nv,1
./images/bkl/image8571.JPG,bkl,nv,1
./images/bkl/image9002.JPG,bkl,nv,1
./images/nv/image9582.JPG,nv,nv,1
./images/bkl/image7966.JPG,bkl,nv,1
./images/nv/image6298.JPG,nv,nv,0.9555
./images/akiec/image5555.JPG,akiec,nv,1
./images/nv/image9993.JPG,nv,nv,1
./images/nv/image6917.JPG,nv,nv,1
./images/mel/image890.JPG,mel,nv,1
./images/nv/image2983.JPG,nv,nv,1
./images/mel/image9357.JPG,mel,nv,1
./images/mel/image9346.JPG,mel,nv,0.9759
./images/mel/image4455.JPG,mel,nv,1
./images/nv/image3660.JPG,nv,nv,1
./images/mel/image9573.JPG,mel,nv,0.9941
./images/nv/image4528.JPG,nv,nv,1
./images/nv/image8978.JPG,nv,nv,0.927
./images/nv/image6486.JPG,nv,nv,1
./images/bcc/image1513.JPG,bcc,nv,1
./images/nv/image6705.JPG,nv,nv,1
./images/bcc/image6967.JPG,bcc,nv,1
./images/nv/image6175.JPG,nv,nv,1
./images/nv/image6942.JPG,nv,nv,0.7686
./images/nv/image2903.JPG,nv,nv,1
./images/nv/image1263.JPG,nv,nv,0.6426
./images/nv/image2667.JPG,nv,nv,1
./images/nv/image5930.JPG,nv,nv,1
./images/nv/image6065.JPG,nv,nv,1
./images/nv/image1013.JPG,nv,nv,1
./images/nv/image9098.JPG,nv,nv,1
./images/nv/image5629.JPG,nv,nv,1
./images/nv/image8889.JPG,nv,nv,1
./images/nv/image6941.JPG,nv,nv,1
./images/nv/image6365.JPG,nv,nv,1
./images/nv/image7565.JPG,nv,nv,1
./images/nv/image1186.JPG,nv,nv,1
./images/bkl/image7251.JPG,bkl,nv,1
./images/mel/image5286.JPG,mel,nv,0.9999
./images/nv/image3291.JPG,nv,nv,1
./images/bcc/image4502.JPG,bcc,nv,0.9793
./images/nv/image8854.JPG,nv,nv,1
./images/nv/image8149.JPG,nv,nv,1
./images/nv/image1939.JPG,nv,nv,1
./images/nv/image9188.JPG,nv,nv,0.9999
./images/mel/image8281.JPG,mel,nv,0.975
./images/nv/image9638.JPG,nv,nv,1
./images/nv/image8005.JPG,nv,nv,1
./images/bkl/image7091.JPG,bkl,nv,1
./images/nv/image6709.JPG,nv,nv,1
./images/vasc/image1147.JPG,vasc,nv,1
./images/nv/image8135.JPG,nv,nv,1
./images/nv/image9869.JPG,nv,nv,1
./images/nv/image7722.JPG,nv,nv,1
./images/nv/image134.JPG,nv,nv,1
./images/nv/image8255.JPG,nv,nv,0.9999
./images/nv/image3723.JPG,nv,nv,1
./images/nv/image9831.JPG,nv,nv,0.9409
./images/nv/image3041.JPG,nv,nv,1
./images/akiec/image877.JPG,akiec,nv,1
./images/nv/image2394.JPG,nv,nv,1
./images/nv/image740.JPG,nv,nv,1
./images/bkl/image9315.JPG,bkl,nv,1
./images/nv/image379.JPG,nv,nv,1
./images/nv/image5383.JPG,nv,nv,1
./images/bcc/image543.JPG,bcc,nv,1
./images/nv/image7825.JPG,nv,nv,1
./images/nv/image8353.JPG,nv,nv,1
./images/nv/image1242.JPG,nv,nv,0.999
./images/nv/image9518.JPG,nv,nv,1
./images/mel/image6884.JPG,mel,nv,0.8616
./images/nv/image7959.JPG,nv,nv,1
./images/nv/image6437.JPG,nv,nv,1
./images/nv/image5997.JPG,nv,nv,1
./images/nv/image9527.JPG,nv,nv,1
./images/nv/image4504.JPG,nv,nv,0.9969
./images/mel/image3256.JPG,mel,nv,0.9873
./images/nv/image2634.JPG,nv,nv,1
./images/bkl/image8025.JPG,bkl,nv,1
./images/nv/image9755.JPG,nv,nv,1
./images/bkl/image5091.JPG,bkl,nv,1
./images/nv/image7487.JPG,nv,nv,1
./images/nv/image8454.JPG,nv,nv,1
./images/nv/image4422.JPG,nv,nv,1
./images/nv/image5648.JPG,nv,nv,0.9963
./images/mel/image3023.JPG,mel,nv,0.9999
./images/nv/image063.JPG,nv,nv,1
./images/nv/image6871.JPG,nv,nv,1
./images/mel/image9984.JPG,mel,nv,1
./images/nv/image5812.JPG,nv,nv,1
./images/mel/image9281.JPG,mel,nv,1
./images/nv/image4046.JPG,nv,nv,1
./images/bkl/image8383.JPG,bkl,nv,1
./images/nv/image2462.JPG,nv,nv,1
./images/nv/image556.JPG,nv,nv,1
./images/nv/image6526.JPG,nv,nv,1
./images/nv/image9421.JPG,nv,nv,1
./images/bkl/image6671.JPG,bkl,nv,1
./images/mel/image1781.JPG,mel,nv,1
./images/nv/image4851.JPG,nv,nv,1
./images/bkl/image8313.JPG,bkl,nv,1
./images/bkl/image578.JPG,bkl,nv,0.9987
./images/nv/image4883.JPG,nv,nv,1
./images/nv/image6469.JPG,nv,nv,1
./images/nv/image2979.JPG,nv,nv,1
./images/nv/image1350.JPG,nv,nv,1
./images/nv/image4642.JPG,nv,nv,0.9998
./images/nv/image5530.JPG,nv,nv,1
./images/nv/image1738.JPG,nv,nv,1
./images/bkl/image7253.JPG,bkl,nv,1
./images/nv/image8639.JPG,nv,nv,1
./images/nv/image1275.JPG,nv,nv,1
./images/mel/image241.JPG,mel,nv,1
./images/mel/image8982.JPG,mel,nv,0.9971
./images/mel/image7212.JPG,mel,nv,1
./images/mel/image2491.JPG,mel,nv,1
./images/bkl/image2748.JPG,bkl,nv,1
./images/bcc/image5036.JPG,bcc,nv,0.9998
./images/mel/image9215.JPG,mel,nv,1
./images/nv/image7114.JPG,nv,nv,1
./images/akiec/image6350.JPG,akiec,nv,1
./images/akiec/image3373.JPG,akiec,nv,1
./images/nv/image5469.JPG,nv,nv,1
./images/nv/image4892.JPG,nv,nv,1
./images/bkl/image1854.JPG,bkl,nv,1
./images/akiec/image7518.JPG,akiec,nv,0.9997
./images/nv/image8480.JPG,nv,nv,0.9999
./images/bkl/image6331.JPG,bkl,nv,1
./images/vasc/image8726.JPG,vasc,nv,1
./images/bkl/image3816.JPG,bkl,nv,0.9996
./images/nv/image068.JPG,nv,nv,1
./images/nv/image2906.JPG,nv,nv,0.9999
./images/nv/image3930.JPG,nv,nv,0.9993
./images/bkl/image9177.JPG,bkl,nv,0.9902
./images/nv/image8577.JPG,nv,nv,0.9999
./images/nv/image4820.JPG,nv,nv,1
./images/nv/image589.JPG,nv,nv,1
./images/nv/image1824.JPG,nv,nv,1
./images/nv/image4453.JPG,nv,nv,1
./images/nv/image6699.JPG,nv,nv,1
./images/nv/image6742.JPG,nv,nv,1
./images/nv/image1280.JPG,nv,nv,1
./images/nv/image2164.JPG,nv,nv,1
./images/bkl/image4535.JPG,bkl,nv,1
./images/nv/image9540.JPG,nv,nv,1
./images/bkl/image8965.JPG,bkl,nv,1
./images/nv/image7858.JPG,nv,nv,1
./images/nv/image2400.JPG,nv,nv,1
./images/vasc/image5970.JPG,vasc,nv,1
./images/nv/image2177.JPG,nv,nv,1
./images/nv/image6692.JPG,nv,nv,1
./images/mel/image2874.JPG,mel,nv,1
./images/bkl/image2712.JPG,bkl,nv,0.9998
./images/nv/image602.JPG,nv,nv,1
./images/nv/image4464.JPG,nv,nv,1
./images/nv/image4484.JPG,nv,nv,1
./images/nv/image3825.JPG,nv,nv,1
./images/nv/image7757.JPG,nv,nv,1
./images/nv/image3679.JPG,nv,nv,0.9907
./images/nv/image3956.JPG,nv,nv,1
./images/nv/image5380.JPG,nv,nv,1
./images/akiec/image6987.JPG,akiec,nv,0.9754
./images/nv/image5374.JPG,nv,nv,1
./images/nv/image6391.JPG,nv,nv,1
./images/nv/image4924.JPG,nv,nv,1
./images/bcc/image2683.JPG,bcc,nv,1
./images/bkl/image8208.JPG,bkl,nv,1
./images/nv/image2734.JPG,nv,nv,1
./images/mel/image8351.JPG,mel,nv,0.6136
./images/bkl/image6064.JPG,bkl,nv,1
./images/nv/image6362.JPG,nv,nv,1
./images/bcc/image3240.JPG,bcc,nv,0.5763
./images/mel/image7714.JPG,mel,nv,1
./images/nv/image4394.JPG,nv,nv,1
./images/nv/image6106.JPG,nv,nv,1
./images/nv/image2366.JPG,nv,nv,1
./images/mel/image9019.JPG,mel,nv,0.9999
./images/mel/image9766.JPG,mel,nv,1
./images/mel/image9836.JPG,mel,nv,1
./images/nv/image5176.JPG,nv,nv,1
./images/mel/image800.JPG,mel,nv,1
./images/nv/image4235.JPG,nv,nv,1
./images/bkl/image7334.JPG,bkl,nv,0.9992
./images/nv/image9291.JPG,nv,nv,1
./images/nv/image8023.JPG,nv,nv,0.9987
./images/nv/image2398.JPG,nv,nv,1
./images/nv/image9772.JPG,nv,nv,0.9993
./images/bkl/image6660.JPG,bkl,nv,0.9988
./images/df/image9249.JPG,df,nv,0.9993
./images/nv/image7317.JPG,nv,nv,1
./images/bkl/image066.JPG,bkl,nv,1
./images/nv/image2403.JPG,nv,nv,1
./images/nv/image3396.JPG,nv,nv,1
./images/bcc/image1887.JPG,bcc,nv,1
./images/nv/image4737.JPG,nv,nv,1
./images/nv/image760.JPG,nv,nv,0.7606
./images/bkl/image4049.JPG,bkl,nv,1
./images/akiec/image165.JPG,akiec,nv,1
./images/nv/image5651.JPG,nv,nv,1
./images/nv/image061.JPG,nv,nv,1
./images/nv/image7200.JPG,nv,nv,1
./images/akiec/image5731.JPG,akiec,nv,1
./images/nv/image9034.JPG,nv,nv,1
./images/mel/image8616.JPG,mel,nv,0.9901
./images/nv/image8087.JPG,nv,nv,1
./images/akiec/image6182.JPG,akiec,nv,1
./images/bcc/image7880.JPG,bcc,nv,1
./images/nv/image5846.JPG,nv,nv,0.9828
./images/nv/image3409.JPG,nv,nv,1
./images/bkl/image9619.JPG,bkl,nv,1
./images/nv/image3537.JPG,nv,nv,1
./images/nv/image2277.JPG,nv,nv,1
./images/nv/image811.JPG,nv,nv,1
./images/nv/image6873.JPG,nv,nv,0.8995
./images/nv/image5453.JPG,nv,nv,1
./images/nv/image4837.JPG,nv,nv,1
./images/mel/image9094.JPG,mel,nv,0.9661
./images/bkl/image4341.JPG,bkl,nv,0.9935
./images/bkl/image4946.JPG,bkl,nv,1
./images/nv/image2638.JPG,nv,nv,1
./images/nv/image6073.JPG,nv,nv,0.9997
./images/nv/image8138.JPG,nv,nv,1
./images/nv/image1747.JPG,nv,nv,1
./images/bkl/image9202.JPG,bkl,nv,1
./images/nv/image2940.JPG,nv,nv,1
./images/nv/image460.JPG,nv,nv,1
./images/nv/image6258.JPG,nv,nv,1
./images/nv/image8131.JPG,nv,nv,1
./images/bkl/image725.JPG,bkl,nv,0.9446
./images/nv/image1482.JPG,nv,nv,1
./images/bkl/image5471.JPG,bkl,nv,0.9994
./images/nv/image2085.JPG,nv,nv,1
./images/df/image7039.JPG,df,nv,1
./images/nv/image7018.JPG,nv,nv,0.9998
./images/nv/image5691.JPG,nv,nv,1
./images/nv/image4849.JPG,nv,nv,1
./images/bcc/image4372.JPG,bcc,nv,1
./images/mel/image8881.JPG,mel,nv,0.96
./images/nv/image7609.JPG,nv,nv,1
./images/nv/image485.JPG,nv,nv,1
./images/bkl/image7295.JPG,bkl,nv,1
./images/nv/image8775.JPG,nv,nv,1
./images/nv/image3694.JPG,nv,nv,1
./images/mel/image005.JPG,mel,nv,1
./images/akiec/image959.JPG,akiec,nv,1
./images/bkl/image8350.JPG,bkl,nv,1
./images/nv/image1041.JPG,nv,nv,1
./images/bkl/image7372.JPG,bkl,nv,1
./images/nv/image2350.JPG,nv,nv,1
./images/nv/image8560.JPG,nv,nv,0.9998
./images/nv/image9269.JPG,nv,nv,1
./images/nv/image2819.JPG,nv,nv,1
./images/nv/image9774.JPG,nv,nv,0.9999
./images/bcc/image1225.JPG,bcc,nv,0.9994
./images/nv/image8790.JPG,nv,nv,1
./images/mel/image9701.JPG,mel,nv,0.9969
./images/nv/image5428.JPG,nv,nv,0.9999
./images/bkl/image7402.JPG,bkl,nv,1
./images/nv/image7022.JPG,nv,nv,1
./images/nv/image7303.JPG,nv,nv,1
./images/nv/image4120.JPG,nv,nv,1
./images/nv/image2615.JPG,nv,nv,1
./images/nv/image554.JPG,nv,nv,1
./images/nv/image3167.JPG,nv,nv,1
./images/nv/image1326.JPG,nv,nv,1
./images/nv/image1201.JPG,nv,nv,1
./images/nv/image9137.JPG,nv,nv,0.9985
./images/nv/image9312.JPG,nv,nv,0.9999
./images/nv/image7990.JPG,nv,nv,1
./images/nv/image3711.JPG,nv,nv,0.9999
./images/nv/image731.JPG,nv,nv,1
./images/bkl/image1532.JPG,bkl,nv,0.9993
./images/akiec/image4425.JPG,akiec,nv,0.9953
./images/mel/image7189.JPG,mel,nv,1
./images/nv/image2502.JPG,nv,nv,1
./images/bcc/image6495.JPG,bcc,nv,0.9999
./images/nv/image4758.JPG,nv,nv,1
./images/nv/image1043.JPG,nv,nv,1
./images/nv/image5639.JPG,nv,nv,1
./images/nv/image2483.JPG,nv,nv,1
./images/nv/image799.JPG,nv,nv,1
./images/bcc/image4925.JPG,bcc,nv,0.995
./images/mel/image1784.JPG,mel,nv,1
./images/nv/image5803.JPG,nv,nv,1
./images/nv/image6937.JPG,nv,nv,1
./images/nv/image1313.JPG,nv,nv,1
./images/bkl/image4282.JPG,bkl,nv,0.9998
./images/nv/image6597.JPG,nv,nv,1
./images/nv/image7695.JPG,nv,nv,1
./images/nv/image1175.JPG,nv,nv,1
./images/bcc/image3817.JPG,bcc,nv,1
./images/nv/image2308.JPG,nv,nv,1
./images/bcc/image4778.JPG,bcc,nv,1
./images/nv/image1870.JPG,nv,nv,1
./images/nv/image7903.JPG,nv,nv,1
./images/nv/image2056.JPG,nv,nv,1
./images/nv/image7597.JPG,nv,nv,1
./images/bkl/image9863.JPG,bkl,nv,0.9999
./images/mel/image7337.JPG,mel,nv,1
./images/nv/image071.JPG,nv,nv,1
./images/bkl/image576.JPG,bkl,nv,1
./images/nv/image6764.JPG,nv,nv,1
./images/nv/image6794.JPG,nv,nv,1
./images/mel/image1226.JPG,mel,nv,0.999
./images/bkl/image1243.JPG,bkl,nv,1
./images/nv/image1608.JPG,nv,nv,1
./images/akiec/image9231.JPG,akiec,nv,1
./images/bkl/image3649.JPG,bkl,nv,1
./images/bkl/image4345.JPG,bkl,nv,0.9993
./images/nv/image5707.JPG,nv,nv,1
./images/nv/image3377.JPG,nv,nv,1
./images/bcc/image1204.JPG,bcc,nv,1
./images/nv/image1292.JPG,nv,nv,1
./images/nv/image1782.JPG,nv,nv,1
./images/nv/image8426.JPG,nv,nv,1
./images/nv/image756.JPG,nv,nv,1
./images/nv/image3073.JPG,nv,nv,1
./images/nv/image6336.JPG,nv,nv,1
./images/bkl/image6439.JPG,bkl,nv,1
./images/nv/image5085.JPG,nv,nv,1
./images/mel/image4200.JPG,mel,nv,1
./images/mel/image7960.JPG,mel,nv,0.9998
./images/nv/image294.JPG,nv,nv,1
./images/nv/image5031.JPG,nv,nv,1
./images/nv/image8883.JPG,nv,nv,0.9947
./images/nv/image6869.JPG,nv,nv,1
./images/nv/image7203.JPG,nv,nv,1
./images/df/image6137.JPG,df,nv,1
./images/nv/image3557.JPG,nv,nv,1
./images/bcc/image2137.JPG,bcc,nv,1
./images/mel/image5207.JPG,mel,nv,0.8615
./images/nv/image6761.JPG,nv,nv,1
./images/bcc/image3693.JPG,bcc,nv,1
./images/nv/image6292.JPG,nv,nv,1
./images/nv/image579.JPG,nv,nv,1
./images/nv/image7311.JPG,nv,nv,1
./images/nv/image9943.JPG,nv,nv,1
./images/nv/image4651.JPG,nv,nv,1
./images/nv/image5952.JPG,nv,nv,1
./images/nv/image3688.JPG,nv,nv,1
./images/bkl/image367.JPG,bkl,nv,1
./images/nv/image5317.JPG,nv,nv,1
./images/bcc/image9163.JPG,bcc,nv,1
./images/bkl/image4690.JPG,bkl,nv,1
./images/mel/image1145.JPG,mel,nv,1
./images/nv/image1615.JPG,nv,nv,1
./images/nv/image5770.JPG,nv,nv,1
./images/mel/image9195.JPG,mel,nv,0.9999
./images/mel/image1450.JPG,mel,nv,1
./images/nv/image7010.JPG,nv,nv,1
./images/nv/image8160.JPG,nv,nv,1
./images/nv/image4343.JPG,nv,nv,1
./images/nv/image036.JPG,nv,nv,1
./images/mel/image9782.JPG,mel,nv,1
./images/nv/image474.JPG,nv,nv,1
./images/nv/image3631.JPG,nv,nv,1
./images/bkl/image6982.JPG,bkl,nv,0.9998
./images/nv/image4138.JPG,nv,nv,1
./images/nv/image1717.JPG,nv,nv,0.9722
./images/vasc/image1402.JPG,vasc,nv,1
./images/nv/image4616.JPG,nv,nv,1
./images/nv/image7556.JPG,nv,nv,1
./images/nv/image9926.JPG,nv,nv,0.9993
./images/bkl/image4245.JPG,bkl,nv,1
./images/nv/image1155.JPG,nv,nv,1
./images/nv/image1664.JPG,nv,nv,1
./images/nv/image2124.JPG,nv,nv,1
./images/nv/image8827.JPG,nv,nv,0.9992
./images/nv/image6992.JPG,nv,nv,1
./images/nv/image1003.JPG,nv,nv,1
./images/nv/image5672.JPG,nv,nv,1
./images/nv/image5299.JPG,nv,nv,1
./images/mel/image1650.JPG,mel,nv,1
./images/bcc/image2540.JPG,bcc,nv,0.9998
./images/nv/image5664.JPG,nv,nv,1
./images/akiec/image6893.JPG,akiec,nv,0.9999
./images/mel/image3517.JPG,mel,nv,0.9994
./images/nv/image1910.JPG,nv,nv,0.9996
./images/nv/image3828.JPG,nv,nv,1
./images/nv/image8330.JPG,nv,nv,1
./images/nv/image6245.JPG,nv,nv,1
./images/nv/image1039.JPG,nv,nv,1
./images/bkl/image8043.JPG,bkl,nv,1
./images/bcc/image4973.JPG,bcc,nv,1
./images/bkl/image436.JPG,bkl,nv,0.9999
./images/nv/image4123.JPG,nv,nv,1
./images/mel/image5906.JPG,mel,nv,1
./images/mel/image7603.JPG,mel,nv,1
./images/bcc/image6790.JPG,bcc,nv,0.9999
./images/nv/image5602.JPG,nv,nv,1
./images/nv/image8623.JPG,nv,nv,1
./images/nv/image8368.JPG,nv,nv,1
./images/df/image5657.JPG,df,nv,0.9346
./images/bcc/image8231.JPG,bcc,nv,1
./images/nv/image4292.JPG,nv,nv,1
./images/nv/image7789.JPG,nv,nv,1
./images/mel/image319.JPG,mel,nv,0.9663
./images/nv/image5492.JPG,nv,nv,1
./images/nv/image388.JPG,nv,nv,1
./images/nv/image6560.JPG,nv,nv,1
./images/nv/image870.JPG,nv,nv,1
./images/nv/image3122.JPG,nv,nv,0.9996
./images/nv/image1248.JPG,nv,nv,0.9979
./images/vasc/image5978.JPG,vasc,nv,1
./images/nv/image7826.JPG,nv,nv,1
./images/nv/image5088.JPG,nv,nv,1
./images/nv/image5460.JPG,nv,nv,1
./images/nv/image9531.JPG,nv,nv,1
./images/nv/image3773.JPG,nv,nv,1
./images/nv/image7919.JPG,nv,nv,1
./images/nv/image2582.JPG,nv,nv,1
./images/nv/image2003.JPG,nv,nv,1
./images/nv/image10004.JPG,nv,nv,1
./images/nv/image1775.JPG,nv,nv,0.9987
./images/nv/image1047.JPG,nv,nv,0.9991
./images/nv/image584.JPG,nv,nv,1
./images/nv/image5461.JPG,nv,nv,1
./images/nv/image4142.JPG,nv,nv,1
./images/nv/image1788.JPG,nv,nv,1
./images/nv/image6506.JPG,nv,nv,1
./images/mel/image5393.JPG,mel,nv,1
./images/nv/image9949.JPG,nv,nv,1
./images/nv/image6778.JPG,nv,nv,1
./images/nv/image3298.JPG,nv,nv,1
./images/nv/image8433.JPG,nv,nv,0.9869
./images/nv/image5620.JPG,nv,nv,1
./images/nv/image4646.JPG,nv,nv,1
./images/nv/image1879.JPG,nv,nv,1
./images/mel/image451.JPG,mel,nv,0.9877
./images/akiec/image3272.JPG,akiec,nv,0.9937
./images/nv/image523.JPG,nv,nv,1
./images/nv/image4270.JPG,nv,nv,1
./images/nv/image3589.JPG,nv,nv,1
./images/mel/image8535.JPG,mel,nv,1
./images/nv/image1223.JPG,nv,nv,1
./images/nv/image8634.JPG,nv,nv,1
./images/nv/image6197.JPG,nv,nv,1
./images/bcc/image4896.JPG,bcc,nv,1
./images/nv/image7511.JPG,nv,nv,1
./images/nv/image4588.JPG,nv,nv,1
./images/akiec/image8695.JPG,akiec,nv,0.9998
./images/nv/image282.JPG,nv,nv,1
./images/nv/image1987.JPG,nv,nv,1
./images/nv/image889.JPG,nv,nv,1
./images/nv/image9385.JPG,nv,nv,1
./images/mel/image7252.JPG,mel,nv,1
./images/bcc/image5047.JPG,bcc,nv,1
./images/bcc/image8124.JPG,bcc,nv,1
./images/nv/image5961.JPG,nv,nv,1
./images/nv/image6996.JPG,nv,nv,1
./images/nv/image3413.JPG,nv,nv,0.9983
./images/bkl/image9860.JPG,bkl,nv,0.9988
./images/bcc/image490.JPG,bcc,nv,1
./images/nv/image814.JPG,nv,nv,1
./images/nv/image5189.JPG,nv,nv,1
./images/bkl/image1214.JPG,bkl,nv,0.9998
./images/nv/image9347.JPG,nv,nv,1
./images/nv/image3905.JPG,nv,nv,1
./images/bcc/image5219.JPG,bcc,nv,0.9964
./images/nv/image3351.JPG,nv,nv,1
./images/vasc/image9891.JPG,vasc,nv,1
./images/nv/image3121.JPG,nv,nv,1
./images/bkl/image2970.JPG,bkl,nv,1
./images/nv/image3695.JPG,nv,nv,1
./images/nv/image8201.JPG,nv,nv,1
./images/nv/image5675.JPG,nv,nv,1
./images/nv/image7060.JPG,nv,nv,1
./images/nv/image6195.JPG,nv,nv,1
./images/nv/image2259.JPG,nv,nv,1
./images/nv/image7399.JPG,nv,nv,1
./images/bkl/image2318.JPG,bkl,nv,1
./images/nv/image5495.JPG,nv,nv,1
./images/nv/image6848.JPG,nv,nv,1
./images/nv/image2533.JPG,nv,nv,1
./images/nv/image6515.JPG,nv,nv,1
./images/nv/image4602.JPG,nv,nv,1
./images/nv/image8508.JPG,nv,nv,1
./images/nv/image9775.JPG,nv,nv,1
./images/nv/image7427.JPG,nv,nv,1
./images/nv/image5001.JPG,nv,nv,1
./images/nv/image6611.JPG,nv,nv,1
./images/nv/image9519.JPG,nv,nv,0.9264
./images/bcc/image5594.JPG,bcc,nv,0.9995
./images/akiec/image1063.JPG,akiec,nv,1
./images/nv/image2557.JPG,nv,nv,1
./images/akiec/image5838.JPG,akiec,nv,0.9988
./images/nv/image9826.JPG,nv,nv,1
./images/nv/image505.JPG,nv,nv,1
./images/nv/image308.JPG,nv,nv,1
./images/bcc/image7671.JPG,bcc,nv,1
./images/nv/image3359.JPG,nv,nv,1
./images/nv/image5615.JPG,nv,nv,0.9529
./images/mel/image9497.JPG,mel,nv,1
./images/bkl/image5369.JPG,bkl,nv,0.9999
./images/nv/image1994.JPG,nv,nv,1
./images/akiec/image3462.JPG,akiec,nv,1
./images/nv/image8632.JPG,nv,nv,1
./images/nv/image4006.JPG,nv,nv,1
./images/nv/image5565.JPG,nv,nv,1
./images/mel/image4542.JPG,mel,nv,1
./images/bkl/image676.JPG,bkl,nv,1
./images/nv/image2237.JPG,nv,nv,1
./images/nv/image7501.JPG,nv,nv,1
./images/bkl/image5271.JPG,bkl,nv,0.9995
./images/nv/image9414.JPG,nv,nv,1
./images/nv/image6167.JPG,nv,nv,1
./images/nv/image1674.JPG,nv,nv,1
./images/nv/image5224.JPG,nv,nv,1
./images/mel/image8719.JPG,mel,nv,0.9958
./images/nv/image3852.JPG,nv,nv,1
./images/nv/image3997.JPG,nv,nv,1
./images/nv/image9568.JPG,nv,nv,0.9812
./images/nv/image5745.JPG,nv,nv,1
./images/bcc/image9855.JPG,bcc,nv,0.9981
./images/nv/image4554.JPG,nv,nv,1
./images/nv/image4543.JPG,nv,nv,1
./images/nv/image1060.JPG,nv,nv,1
./images/nv/image5717.JPG,nv,nv,1
./images/nv/image2391.JPG,nv,nv,1
./images/nv/image693.JPG,nv,nv,1
./images/bcc/image7221.JPG,bcc,nv,1
./images/nv/image6868.JPG,nv,nv,1
./images/nv/image790.JPG,nv,nv,1
./images/nv/image7796.JPG,nv,nv,1
./images/nv/image3701.JPG,nv,nv,1
./images/nv/image7505.JPG,nv,nv,1
./images/bkl/image4890.JPG,bkl,nv,1
./images/nv/image5938.JPG,nv,nv,1
./images/nv/image2704.JPG,nv,nv,1
./images/mel/image6578.JPG,mel,nv,1
./images/nv/image3410.JPG,nv,nv,1
./images/nv/image4374.JPG,nv,nv,1
./images/nv/image2024.JPG,nv,nv,1
./images/nv/image7803.JPG,nv,nv,1
./images/nv/image1896.JPG,nv,nv,1
./images/nv/image1545.JPG,nv,nv,1
./images/nv/image5493.JPG,nv,nv,1
./images/nv/image899.JPG,nv,nv,1
./images/nv/image430.JPG,nv,nv,1
./images/nv/image4210.JPG,nv,nv,1
./images/nv/image953.JPG,nv,nv,1
./images/nv/image5568.JPG,nv,nv,1
./images/nv/image1732.JPG,nv,nv,1
./images/nv/image6174.JPG,nv,nv,1
./images/bkl/image2470.JPG,bkl,nv,1
./images/nv/image5932.JPG,nv,nv,1
./images/mel/image1012.JPG,mel,nv,1
./images/nv/image3185.JPG,nv,nv,1
./images/mel/image5257.JPG,mel,nv,0.9987
./images/akiec/image4963.JPG,akiec,nv,1
./images/nv/image6277.JPG,nv,nv,0.4675
./images/nv/image8303.JPG,nv,nv,1
./images/bkl/image7514.JPG,bkl,nv,0.9854
./images/nv/image2651.JPG,nv,nv,1
./images/nv/image1206.JPG,nv,nv,1
./images/bcc/image2382.JPG,bcc,nv,1
./images/mel/image3980.JPG,mel,nv,1
./images/nv/image5033.JPG,nv,nv,1
./images/nv/image4886.JPG,nv,nv,1
./images/nv/image4649.JPG,nv,nv,1
./images/nv/image9816.JPG,nv,nv,0.9034
./images/nv/image9104.JPG,nv,nv,0.9773
./images/vasc/image1619.JPG,vasc,nv,1
./images/bcc/image1849.JPG,bcc,nv,1
./images/nv/image8629.JPG,nv,nv,0.9981
./images/nv/image381.JPG,nv,nv,1
./images/nv/image719.JPG,nv,nv,1
./images/mel/image2688.JPG,mel,nv,1
./images/nv/image6271.JPG,nv,nv,1
./images/bkl/image1505.JPG,bkl,nv,0.9999
./images/nv/image2298.JPG,nv,nv,1
./images/nv/image4040.JPG,nv,nv,1
./images/nv/image5708.JPG,nv,nv,1
./images/nv/image3207.JPG,nv,nv,1
./images/nv/image2740.JPG,nv,nv,1
./images/nv/image7167.JPG,nv,nv,1
./images/nv/image4066.JPG,nv,nv,1
./images/mel/image9867.JPG,mel,nv,1
./images/bkl/image8644.JPG,bkl,nv,0.991
./images/akiec/image1498.JPG,akiec,nv,0.9987
./images/nv/image1163.JPG,nv,nv,1
./images/bkl/image7865.JPG,bkl,nv,0.9997
./images/nv/image6008.JPG,nv,nv,1
./images/nv/image3824.JPG,nv,nv,1
./images/nv/image1936.JPG,nv,nv,1
./images/bkl/image9608.JPG,bkl,nv,0.9999
./images/nv/image4764.JPG,nv,nv,1
./images/bcc/image3780.JPG,bcc,nv,1
./images/nv/image034.JPG,nv,nv,1
./images/nv/image6323.JPG,nv,nv,1
./images/akiec/image7849.JPG,akiec,nv,1
./images/bcc/image3661.JPG,bcc,nv,0.9711
./images/nv/image7602.JPG,nv,nv,1
./images/nv/image384.JPG,nv,nv,1
./images/nv/image8580.JPG,nv,nv,1
./images/mel/image7610.JPG,mel,nv,1
./images/nv/image074.JPG,nv,nv,1
./images/mel/image2821.JPG,mel,nv,1
./images/nv/image3759.JPG,nv,nv,1
./images/nv/image6424.JPG,nv,nv,1
./images/nv/image858.JPG,nv,nv,1
./images/nv/image6644.JPG,nv,nv,1
./images/nv/image9992.JPG,nv,nv,1
./images/nv/image4039.JPG,nv,nv,1
./images/nv/image6943.JPG,nv,nv,1
./images/bcc/image3417.JPG,bcc,nv,1
./images/nv/image7216.JPG,nv,nv,1
./images/nv/image837.JPG,nv,nv,1
./images/nv/image6275.JPG,nv,nv,1
./images/nv/image9528.JPG,nv,nv,0.8661
./images/nv/image7963.JPG,nv,nv,1
./images/bkl/image4071.JPG,bkl,nv,0.9683
./images/mel/image4215.JPG,mel,nv,1
./images/nv/image1328.JPG,nv,nv,1
./images/nv/image2984.JPG,nv,nv,1
./images/vasc/image3632.JPG,vasc,nv,1
./images/bkl/image078.JPG,bkl,nv,1
./images/nv/image866.JPG,nv,nv,1
./images/nv/image2323.JPG,nv,nv,1
./images/nv/image4848.JPG,nv,nv,1
./images/nv/image1310.JPG,nv,nv,1
./images/bkl/image9388.JPG,bkl,nv,1
./images/akiec/image2949.JPG,akiec,nv,1
./images/nv/image1841.JPG,nv,nv,1
./images/bkl/image1453.JPG,bkl,nv,1
./images/bkl/image5377.JPG,bkl,nv,1
./images/nv/image6799.JPG,nv,nv,1
./images/mel/image4858.JPG,mel,nv,0.9903
./images/nv/image8984.JPG,nv,nv,1
./images/nv/image6283.JPG,nv,nv,1
./images/nv/image8184.JPG,nv,nv,1
./images/nv/image7948.JPG,nv,nv,1
./images/nv/image7107.JPG,nv,nv,0.8484
./images/nv/image4804.JPG,nv,nv,1
./images/bcc/image980.JPG,bcc,nv,1
./images/nv/image910.JPG,nv,nv,1
./images/nv/image4025.JPG,nv,nv,1
./images/nv/image194.JPG,nv,nv,1
./images/nv/image6285.JPG,nv,nv,1
./images/bkl/image3896.JPG,bkl,nv,0.9992
./images/nv/image2165.JPG,nv,nv,1
./images/nv/image1712.JPG,nv,nv,1
./images/nv/image2280.JPG,nv,nv,1
./images/bkl/image4310.JPG,bkl,nv,1
./images/nv/image2515.JPG,nv,nv,1
./images/mel/image9311.JPG,mel,nv,1
./images/bkl/image6067.JPG,bkl,nv,1
./images/nv/image3563.JPG,nv,nv,1
./images/nv/image3696.JPG,nv,nv,1
./images/nv/image3037.JPG,nv,nv,1
./images/nv/image1965.JPG,nv,nv,1
./images/nv/image4677.JPG,nv,nv,1
./images/nv/image7678.JPG,nv,nv,1
./images/nv/image4740.JPG,nv,nv,0.9985
./images/nv/image5163.JPG,nv,nv,1
./images/mel/image6519.JPG,mel,nv,1
./images/akiec/image1709.JPG,akiec,nv,0.9159
./images/bkl/image9096.JPG,bkl,nv,0.9873
./images/mel/image9979.JPG,mel,nv,1
./images/nv/image6973.JPG,nv,nv,1
./images/nv/image4364.JPG,nv,nv,1
./images/nv/image8207.JPG,nv,nv,0.8601
./images/mel/image9499.JPG,mel,nv,1
./images/nv/image5102.JPG,nv,nv,1
./images/nv/image5319.JPG,nv,nv,1
./images/nv/image354.JPG,nv,nv,1
./images/nv/image851.JPG,nv,nv,0.9858
./images/nv/image6554.JPG,nv,nv,1
./images/bcc/image368.JPG,bcc,nv,1
./images/mel/image7072.JPG,mel,nv,1
./images/bkl/image3668.JPG,bkl,nv,0.8915
./images/nv/image5959.JPG,nv,nv,1
./images/mel/image2497.JPG,mel,nv,1
./images/nv/image4150.JPG,nv,nv,1
./images/nv/image8770.JPG,nv,nv,0.9862
./images/nv/image337.JPG,nv,nv,0.9989
./images/nv/image1497.JPG,nv,nv,1
./images/akiec/image3497.JPG,akiec,nv,1
./images/nv/image7166.JPG,nv,nv,1
./images/nv/image9692.JPG,nv,nv,0.9744
./images/nv/image9715.JPG,nv,nv,0.9741
./images/nv/image9293.JPG,nv,nv,1
./images/nv/image6532.JPG,nv,nv,1
./images/akiec/image5853.JPG,akiec,nv,1
./images/mel/image3804.JPG,mel,nv,0.9997
./images/nv/image3737.JPG,nv,nv,1
./images/nv/image1661.JPG,nv,nv,1
./images/nv/image221.JPG,nv,nv,1
./images/nv/image2521.JPG,nv,nv,0.9998
./images/nv/image5741.JPG,nv,nv,1
./images/nv/image3831.JPG,nv,nv,1
./images/nv/image6717.JPG,nv,nv,1
./images/mel/image6493.JPG,mel,nv,0.9998
./images/bkl/image8468.JPG,bkl,nv,1
./images/nv/image5152.JPG,nv,nv,1
./images/mel/image9265.JPG,mel,nv,1
./images/nv/image1904.JPG,nv,nv,1
./images/nv/image7139.JPG,nv,nv,1
./images/nv/image1435.JPG,nv,nv,1
./images/nv/image298.JPG,nv,nv,1
./images/nv/image3555.JPG,nv,nv,1
./images/nv/image3162.JPG,nv,nv,1
./images/bkl/image8907.JPG,bkl,nv,1
./images/nv/image7049.JPG,nv,nv,1
./images/nv/image8626.JPG,nv,nv,1
./images/nv/image7606.JPG,nv,nv,1
./images/mel/image2342.JPG,mel,nv,0.9995
./images/nv/image8892.JPG,nv,nv,0.9994
./images/nv/image3612.JPG,nv,nv,0.9966
./images/nv/image6541.JPG,nv,nv,1
./images/bkl/image307.JPG,bkl,nv,1
